year,plh0196,proportion,n,N,proportion_lower_confidence,proportion_upper_confidence
2003,People usually try to be helpful,0.35989640203895873,7831,21835,0.3597813917127292,0.36001141236518824
2003,People usually only pursue their own interests,0.6401035979610413,14004,21835,0.6399885876348118,0.6402186082872708
2008,People usually try to be helpful,0.3681190743560748,7216,19029,0.3680038460578596,0.3682343026542901
2008,People usually only pursue their own interests,0.6318809256439252,11813,19029,0.63176569734571,0.6319961539421404
2013,People usually try to be helpful,0.43171949260122555,10997,25013,0.43159379430970546,0.43184519089274565
2013,People usually only pursue their own interests,0.5682805073987743,14016,25013,0.5681548091072542,0.5684062056902944
2018,People usually try to be helpful,0.4642230568247447,13215,28104,0.4641039712738705,0.4643421423756189
2018,People usually only pursue their own interests,0.5357769431752554,14889,28104,0.5356578576243812,0.5358960287261295
