"hlf0613","year","n","percent","lower_confidence_percent","upper_confidence_percent"
"ja","2016","9490","0.592650739804398","0.585121704688215","0.60017977492058"
"nein","2016","6870","0.407349260195603","0.39982022507942","0.414878295311785"
"ja","2017","11015","0.627550124751217","0.620533094741315","0.634567154761119"
"nein","2017","7220","0.372449875248783","0.36543284523888","0.379466905258685"
"ja","2018","11154","0.649498560304826","0.642496182584631","0.656500938025022"
"nein","2018","6681","0.350501439695174","0.343499061974978","0.357503817415369"
"ja","2019","11613","0.673901487459778","0.666678034151202","0.681124940768355"
"nein","2019","4566","0.326098512540222","0.318875059231645","0.333321965848798"
