"hlf0613","year","n","percent","lower_confidence","upper_confidence"
"ja","2016","25404","0.610282223847652","0.605773910961265","0.614790536734038"
"nein","2016","19548","0.389717776152348","0.385209463265962","0.394226089038735"
"ja","2017","29370","0.649599491591629","0.645418103060607","0.653780880122651"
"nein","2017","20641","0.350400508408371","0.346219119877349","0.354581896939393"
"ja","2018","29269","0.670841310715273","0.666637968015709","0.675044653414837"
"nein","2018","18741","0.329158689284727","0.324955346585163","0.333362031984291"
"ja","2019","28927","0.696604110521542","0.692069433277122","0.701138787765962"
"nein","2019","10555","0.303395889478458","0.298861212234038","0.307930566722878"
