year,plj0089,proportion,n,proportion_lower_confidence,proportion_upper_confidence
2009,Nein,0.8749374130737135,21983,0.8705645609692358,0.8793102651781912
2009,Ja,0.1250625869262865,21983,0.12068973482180882,0.12943543903076415
2014,Nein,0.8765436677174114,38694,0.8732659034134204,0.8798214320214025
2014,Ja,0.12345633228258854,38694,0.12017856797859747,0.1267340965865796
2019,Nein,0.8645211624731812,42417,0.8612642233436532,0.8677781016027093
2019,Ja,0.1354788375268188,42417,0.13222189839729076,0.13873577665634684
