,Unnamed: 0,year,plj0089,proportion,n,N,proportion_lower_confidence,proportion_upper_confidence
0,0,2009,Yes,0.13988,2248,17975,0.13465,0.14493
1,1,2009,No,0.86012,15727,17975,0.84793,0.87524
2,2,2014,Yes,0.12476,3330,26966,0.12003,0.13013
3,3,2014,No,0.87524,23636,26966,0.86095,0.88847
4,4,2019,Yes,0.12833,3473,25635,0.12273,0.13454
5,5,2019,No,0.87167,22162,25635,0.85838,0.88311
