year,plj0089,proportion,n,group_size,proportion_lower_confidence,proportion_upper_confidence
2009,Yes,0.13990,2248,17975,0.13482,0.14497
2009,No,0.86010,15727,17975,0.85503,0.86518
2014,Yes,0.12476,3330,26966,0.12082,0.12871
2014,No,0.87524,23636,26966,0.87129,0.87918
2019,Yes,0.12895,3473,25636,0.12485,0.13306
2019,No,0.87105,22163,25636,0.86694,0.87515
