year,plj0089,proportion,n,group_size,proportion_lower_confidence,proportion_upper_confidence
2009,Yes,0.11759,2248,17975,0.11288,0.12230
2009,No,0.72295,15727,17975,0.71641,0.72949
2014,Yes,0.10456,3330,26966,0.10091,0.10821
2014,No,0.73350,23636,26966,0.72822,0.73878
2019,Yes,0.10694,3473,25636,0.10315,0.11072
2019,No,0.72233,22163,25636,0.71684,0.72781
