,Unnamed: 0,year,pet_rabbit,proportion,n,N,proportion_lower_confidence,proportion_upper_confidence
0,0,2016,Yes,0.03413,709,14302,0.03094,0.03683
1,1,2016,No,0.96587,13593,14302,0.94854,0.98176
2,2,2021,Yes,0.02542,378,11056,0.0223,0.0295
3,3,2021,No,0.97458,10678,11056,0.94779,0.99724
