,Unnamed: 0,year,regtyp,pet_rabbit,proportion,n,N,proportion_lower_confidence,proportion_upper_confidence
0,0,2016,Urban regions,Yes,0.02664,391,14302,0.02401,0.02959
1,1,2016,Urban regions,No,0.97336,8974,14302,0.95462,0.99303
2,2,2016,Rural regions,Yes,0.05027,318,14302,0.04423,0.05699
3,3,2016,Rural regions,No,0.94973,4619,14302,0.91816,0.98113
4,4,2021,Urban regions,Yes,0.02045,183,11055,0.01631,0.02444
5,5,2021,Urban regions,No,0.97955,7217,11055,0.95271,1.00251
6,6,2021,Rural regions,Yes,0.03622,195,11055,0.03071,0.04324
7,7,2021,Rural regions,No,0.96378,3460,11055,0.92359,1.00446
