year,regtyp,pet_rabbit,proportion,n,proportion_lower_confidence,proportion_upper_confidence
2016,Urban regions,No,0.9582487987186332,16419,0.9551892572107865,0.9613083402264799
2016,Urban regions,Yes,0.04175120128136679,16419,0.03869165977352014,0.044810742789213445
2016,Rural regions,No,0.9355884140166093,16419,0.9318334382909199,0.9393433897422987
2016,Rural regions,Yes,0.06441158598339072,16419,0.060656610257701346,0.0681665617090801
2021,Urban regions,No,0.9752702702702702,12568,0.9725551119196971,0.9779854286208434
2021,Urban regions,Yes,0.02472972972972973,12568,0.022014571379156623,0.027444888080302838
2021,Rural regions,No,0.9466484268125855,12568,0.9427193460204965,0.9505775076046746
2021,Rural regions,Yes,0.0533515731874145,12568,0.049422492395325396,0.057280653979503604
