,Unnamed: 0,year,sampreg,pet_rabbit,proportion,n,N,proportion_lower_confidence,proportion_upper_confidence
0,0,2016,West,Yes,0.02782,494,14302,0.02467,0.03045
1,1,2016,West,No,0.97218,10734,14302,0.95224,0.9903
2,2,2016,East,Yes,0.06291,215,14302,0.05349,0.07631
3,3,2016,East,No,0.93709,2859,14302,0.89147,0.97845
4,4,2021,West,Yes,0.02204,249,11056,0.01844,0.02556
5,5,2021,West,No,0.97796,8416,11056,0.95266,1.00397
6,6,2021,East,Yes,0.04152,129,11056,0.03061,0.05095
7,7,2021,East,No,0.95848,2262,11056,0.91101,1.00074
