year,regtyp,pet_rabbit,proportion,n,N,proportion_lower_confidence,proportion_upper_confidence
2016,Urban regions,Yes,0.02664,391,14302,0.02658,0.02670
2016,Urban regions,No,0.97336,8974,14302,0.97330,0.97342
2016,Rural regions,Yes,0.05027,318,14302,0.05015,0.05039
2016,Rural regions,No,0.94973,4619,14302,0.94961,0.94985
2021,Urban regions,Yes,0.02045,183,11055,0.02040,0.02050
2021,Urban regions,No,0.97955,7217,11055,0.97950,0.97960
2021,Rural regions,Yes,0.03622,195,11055,0.03612,0.03632
2021,Rural regions,No,0.96378,3460,11055,0.96368,0.96388
