year,rentown,pet_rabbit,proportion,n,N,proportion_lower_confidence,proportion_lower_confidence,proportion_upper_confidence,proportion_upper_confidence
2016,Owner,Yes,0.04607,442,14301,0,0.04043,0,0.05082
2016,Owner,No,0.95393,5860,14301,0,0.92721,0,0.98097
2016,Tenant,Yes,0.02387,267,14301,0,0.02019,0,0.02763
2016,Tenant,No,0.97613,7732,14301,0,0.95459,0,1.00532
2021,Owner,Yes,0.03687,261,11051,0,0.03185,0,0.04343
2021,Owner,No,0.96313,4819,11051,0,0.93203,0,0.99139
2021,Tenant,Yes,0.01486,117,11051,0,0.01166,0,0.01878
2021,Tenant,No,0.98514,5854,11051,0,0.95674,0,1.01173
