year,rentown,pet_rabbit,proportion,n,N,proportion_lower_confidence,proportion_upper_confidence
2016,Owner,Yes,0.02129148664050614,442,14301,0.02124715969107427,0.02133581358993801
2016,Owner,No,0.44084552903117963,5860,14301,0.4406930720593624,0.44099798600299683
2016,Tenant,Yes,0.012839701413137982,267,14301,0.012805130609876392,0.012874272216399573
2016,Tenant,No,0.5250232829151762,7732,14301,0.5248699400370243,0.5251766257933281
2021,Owner,Yes,0.017730885709902264,261,12563,0.017690502282261492,0.017771269137543035
2021,Owner,No,0.4631376609229489,4819,12563,0.4629850768381917,0.4632902450077061
2021,Tenant,Yes,0.0077127322563230495,117,12563,0.007685962429881248,0.007739502082764851
2021,Tenant,No,0.5114187211108258,5854,12563,0.5112657605594814,0.5115716816621702
