year,sampreg,pet_rabbit,proportion,n,N,proportion_lower_confidence,proportion_lower_confidence,proportion_upper_confidence,proportion_upper_confidence
2016,West,Yes,0.02782,494,14302,0,0.02467,0,0.03045
2016,West,No,0.97218,10734,14302,0,0.95224,0,0.99030
2016,East,Yes,0.06291,215,14302,0,0.05349,0,0.07631
2016,East,No,0.93709,2859,14302,0,0.89147,0,0.97845
2021,West,Yes,0.02204,249,11056,0,0.01844,0,0.02556
2021,West,No,0.97796,8416,11056,0,0.95266,0,1.00397
2021,East,Yes,0.04152,129,11056,0,0.03061,0,0.05095
2021,East,No,0.95848,2262,11056,0,0.91101,0,1.00074
