,Unnamed: 0,year,pld0298_h,proportion,n,N,proportion_lower_confidence,proportion_upper_confidence
0,0,2016,Heterosexual,0.92317,20809,22155,0.90724,0.93978
1,1,2016,Homosexual,0.01162,157,22155,0.00979,0.01362
2,2,2016,Bisexual,0.00565,130,22155,0.00446,0.00691
3,3,2016,No answer/ Do not wish to respond,0.05956,1059,22155,0.05556,0.06317
4,4,2019,Heterosexual,0.92682,23400,25099,0.91256,0.93857
5,5,2019,Homosexual,0.00665,220,25099,0.00583,0.00757
6,6,2019,Bisexual,0.00767,312,25099,0.00656,0.00872
7,7,2019,No answer/ Do not wish to respond,0.05886,1167,25099,0.05515,0.06268
