year,pld0298_h,proportion,n,lower_confidence,upper_confidence
2016,Heterosexuell,0.9392462198149402,41132,0.9369376525217379,0.9415547871081424
2016,Keine Angabe / Möchte mich zu diesem Thema nicht äußern,0.04779959377115775,41132,0.04573781320445166,0.04986137433786384
2016,Homosexuell,0.007086436470322726,41132,0.006275781913131361,0.00789709102751409
2016,Bisexuell,0.005867749943579328,41132,0.0051296349317624685,0.006605864955396187
2019,Heterosexuell,0.932308060082075,42417,0.9299173093560826,0.9346988108080674
2019,Keine Angabe / Möchte mich zu diesem Thema nicht äußern,0.04649587632973425,42417,0.04449207526379045,0.04849967739567806
2019,Bisexuell,0.012430774134427667,42417,0.011376341209084172,0.013485207059771163
2019,Homosexuell,0.008765289453763097,42417,0.007878220298051134,0.00965235860947506
