year,pld0298_h,proportion,n,group_size,proportion_lower_confidence,proportion_upper_confidence
2016,Heterosexual,0.92296,20809,22155,0.91945,0.92647
2016,Homosexual,0.01158,157,22155,0.01017,0.01299
2016,Bisexual,0.00570,130,22155,0.00471,0.00669
2016,No answer/ Do not wish to respond,0.05976,1059,22155,0.05664,0.06288
2019,Heterosexual,0.91637,23527,25638,0.91298,0.91976
2019,Homosexual,0.01212,449,25638,0.01078,0.01346
2019,Bisexual,0.01318,488,25638,0.01179,0.01458
2019,No answer/ Do not wish to respond,0.05832,1174,25638,0.05546,0.06119
