year,plh0195,proportion,n,proportion_lower_confidence,proportion_upper_confidence
2003,Most People would try to be fair,0.5237695358059249,27727,0.5178908082415529,0.5296482633702969
2003,Most people would exploit you if they had the opportunity,0.4762304641940751,27727,0.47035173662970303,0.4821091917584472
2008,Most People would try to be fair,0.5382266217354675,23673,0.531875850695643,0.544577392775292
2008,Most people would exploit you if they had the opportunity,0.4617733782645324,23673,0.45542260722470784,0.468124149304357
2013,Most People would try to be fair,0.5921955919547152,44486,0.5876288871886817,0.5967622967207487
2013,Most people would exploit you if they had the opportunity,0.40780440804528484,44486,0.40323770327925135,0.41237111281131833
2018,Most People would try to be fair,0.6071953800351519,43121,0.6025857700442314,0.6118049900260725
2018,Most people would exploit you if they had the opportunity,0.3928046199648481,43121,0.38819500997392764,0.3974142299557686
