year,plh0195,proportion,n,proportion_lower_confidence,proportion_upper_confidence
2003,Most People would try to be fair,0.5255280073461892,27727,0.5196503014133488,0.5314057132790296
2003,Most people would exploit you if they had the opportunity,0.47447199265381085,27727,0.4685942867209704,0.4803496985866513
2008,Most People would try to be fair,0.5382266217354675,23673,0.531875850695643,0.544577392775292
2008,Most people would exploit you if they had the opportunity,0.4617733782645324,23673,0.45542260722470784,0.468124149304357
2013,Most People would try to be fair,0.5922119630670414,44486,0.5876452868449603,0.5967786392891224
2013,Most people would exploit you if they had the opportunity,0.4077880369329587,44486,0.40322136071087766,0.4123547131550397
2018,Most People would try to be fair,0.6071953800351519,43121,0.6025857700442314,0.6118049900260725
2018,Most people would exploit you if they had the opportunity,0.3928046199648481,43121,0.38819500997392764,0.3974142299557686
