year,ple0187,proportion,n,group_size,proportion_lower_confidence,proportion_upper_confidence
2017,Yes,0.02342,790,26549,0.02160,0.02524
2017,No,0.81058,25759,26549,0.80586,0.81529
2019,Yes,0.03004,918,25726,0.02796,0.03213
2019,No,0.80139,24808,25726,0.79652,0.80627
2021,Yes,0.04101,836,19164,0.03821,0.04382
2021,No,0.78211,18328,19164,0.77626,0.78795
