,Unnamed: 0,year,ple0187,proportion,n,N,proportion_lower_confidence,proportion_upper_confidence
0,0,2017,Yes,0.02804,790,26549,0.02617,0.02988
1,1,2017,No,0.97196,25759,26549,0.95962,0.98346
2,2,2019,Yes,0.0361,918,25725,0.0334,0.03879
3,3,2019,No,0.9639,24807,25725,0.94985,0.97764
4,4,2021,Yes,0.0501,836,19164,0.04595,0.05488
5,5,2021,No,0.9499,18328,19164,0.93146,0.96772
