year,ple0187,proportion,n,group_size,proportion_lower_confidence,proportion_upper_confidence
2017,Yes,0.02809,790,26549,0.02610,0.03007
2017,No,0.97191,25759,26549,0.96993,0.97390
2019,Yes,0.03614,918,25726,0.03386,0.03842
2019,No,0.96386,24808,25726,0.96158,0.96614
2021,Yes,0.04983,836,19164,0.04675,0.05291
2021,No,0.95017,18328,19164,0.94709,0.95325
