year,ple0187,proportion,n,lower_confidence,upper_confidence
2017,Nein,0.9702437003276959,45410,0.9686808758738612,0.9718065247815306
2017,Ja,0.029756299672304042,45410,0.028193475218469308,0.03131912412613878
2019,Nein,0.9643148688046648,42417,0.962549484840967,0.9660802527683625
2019,Ja,0.03568513119533528,42417,0.0339197472316375,0.037450515159033054
2021,Nein,0.9563765393446044,27598,0.9539666795237873,0.9587863991654215
2021,Ja,0.04362346065539553,27598,0.04121360083457844,0.04603332047621263
