year,ple0187,proportion,n,N,proportion_lower_confidence,proportion_upper_confidence
2017,Yes,0.02804,790,26549,0.02800,0.02807
2017,No,0.97196,25759,26549,0.97193,0.97200
2019,Yes,0.03610,918,25725,0.03605,0.03614
2019,No,0.96390,24807,25725,0.96386,0.96395
2021,Yes,0.05010,836,19164,0.05004,0.05015
2021,No,0.94990,18328,19164,0.94985,0.94996
