"plb0571","year","n","percent","lower_confidence","upper_confidence"
"Ja, viele Personen","2015","815","0.0290823718217789","0.0270576783826248","0.031107065260933"
"Ja, wenige Personen","2015","4427","0.165370625217038","0.160894222114364","0.169847028319713"
"Nein, weiss nicht","2015","10946","0.41924862695013","0.413303185341137","0.425194068559124"
"Nein, niemand","2015","10272","0.386298376011052","0.380431684550099","0.392165067472006"
"Ja, viele Personen","2016","539","0.0213293180439782","0.0195064752791585","0.0231521608087979"
"Ja, wenige Personen","2016","3196","0.127415458830187","0.123208606639726","0.131622311020648"
"Nein, weiss nicht","2016","8229","0.337066194811396","0.33110222939322","0.343030160229572"
"Nein, niemand","2016","12169","0.514189028314438","0.507883267451449","0.520494789177428"
