,Unnamed: 0,year,sampreg,pet_othrodent,proportion,n,N,proportion_lower_confidence,proportion_upper_confidence
0,0,2016,West,Yes,0.01446,282,14302,0.01237,0.01683
1,1,2016,West,No,0.98554,10946,14302,0.96942,1.00598
2,2,2016,East,Yes,0.02616,109,14302,0.02114,0.03155
3,3,2016,East,No,0.97384,2965,14302,0.93952,1.01086
4,4,2021,West,Yes,0.01441,178,11056,0.01151,0.01769
5,5,2021,West,No,0.98559,8487,11056,0.96178,1.01263
6,6,2021,East,Yes,0.0159,65,11056,0.01087,0.02257
7,7,2021,East,No,0.9841,2326,11056,0.9287,1.03688
