year,rentown,pet_othrodent,proportion,n,proportion_lower_confidence,proportion_upper_confidence
2016,Owner,No,0.973341796255157,16419,0.9708778521716299,0.9758057403386842
2016,Owner,Yes,0.026658203744842908,16419,0.024194259661315748,0.029122147828370068
2016,Tenant,No,0.9721215151893987,16419,0.9696033884737834,0.9746396419050141
2016,Tenant,Yes,0.027878484810601324,16419,0.025360358094985935,0.030396611526216713
2021,Owner,No,0.9773622047244095,12568,0.9747616390872873,0.9799627703615317
2021,Owner,Yes,0.022637795275590553,12568,0.02003722963846838,0.025238360912712726
2021,Tenant,No,0.9785630547646961,12568,0.9760308498804755,0.9810952596489166
2021,Tenant,Yes,0.02143694523530397,12568,0.018904740351083388,0.02396915011952455
