year,rentown,pet_othrodent,proportion,n,group_size,proportion_lower_confidence,proportion_upper_confidence
2016,Owner,Yes,0.01611,168,6302,0.01300,0.01921
2016,Owner,No,0.98389,6134,6302,0.98079,0.98700
2016,Tenant,Yes,0.01691,223,7999,0.01408,0.01974
2016,Tenant,No,0.98309,7776,7999,0.98026,0.98592
2021,Owner,Yes,0.01160,115,5080,0.00865,0.01454
2021,Owner,No,0.98840,4965,5080,0.98546,0.99135
2021,Tenant,Yes,0.01791,128,5971,0.01455,0.02128
2021,Tenant,No,0.98209,5843,5971,0.97872,0.98545
