year,pet_othrodent,proportion,n,lower_confidence,upper_confidence
2016,Nein,0.9726611662704517,16419,0.9701668386246844,0.975155493916219
2016,Ja,0.027338833729548314,16419,0.024844506083780967,0.02983316137531566
2021,Nein,0.978020984081042,12568,0.9754576737162439,0.98058429444584
2021,Ja,0.021979015918958032,12568,0.01941570555415995,0.024542326283756116
