year,sampreg,pet_othrodent,proportion,n,proportion_lower_confidence,proportion_upper_confidence
2016,West,No,0.9748842180263627,16419,0.9724907226546516,0.9772777133980738
2016,West,Yes,0.025115781973637334,16419,0.022722286601926246,0.027509277345348422
2016,East,No,0.9645413142485361,16419,0.9617124998454115,0.9673701286516606
2016,East,Yes,0.03545868575146389,16419,0.0326298713483394,0.03828750015458838
2021,West,No,0.9794575879976919,12568,0.9769776460164616,0.9819375299789221
2021,West,Yes,0.020542412002308136,12568,0.018062470021077887,0.023022353983538385
2021,East,No,0.972814721873693,12568,0.9699715380290865,0.9756579057182995
2021,East,Yes,0.027185278126306986,12568,0.024342094281700543,0.03002846197091343
