year,rentown,pet_othrodent,proportion,n,N,proportion_lower_confidence,proportion_upper_confidence
2016,Owner,Yes,0.007492018925923318,168,14301,0.0074655397414721625,0.007518498110374473
2016,Owner,No,0.4546449967457624,6134,14301,0.4544920944426477,0.45479789904887713
2016,Tenant,Yes,0.009072576812221693,223,14301,0.009043461301090372,0.009101692323353014
2016,Tenant,No,0.5287904075160925,7776,14301,0.5286371269789429,0.5289436880532421
2021,Owner,Yes,0.005507597186436441,115,12563,0.005484950506722554,0.005530243866150328
2021,Owner,No,0.47536094944641477,4965,12563,0.4752081348720742,0.47551376402075535
2021,Tenant,Yes,0.009173790382299311,128,12563,0.009144616389748879,0.009202964374849744
2021,Tenant,No,0.5099576629848495,5843,12563,0.5098046928742473,0.5101106330954516
