year,sampreg,pet_othrodent,proportion,n,N,proportion_lower_confidence,proportion_upper_confidence
2016,West,Yes,0.01185759827090114,282,16419,0.011824360009109861,0.01189083653269242
2016,West,No,0.8082325751125645,10946,16419,0.8081116863969509,0.8083534638281782
2016,East,Yes,0.004706387364942592,109,16419,0.004685371386550541,0.004727403343334643
2016,East,No,0.1752034392515918,2965,16419,0.17508671128926406,0.17532016721391952
2021,West,Yes,0.011906865864329891,178,12568,0.011873688041605478,0.011940043687054305
2021,West,No,0.8143190923024852,8487,12568,0.8142001514231823,0.8144380331817882
2021,East,Yes,0.0027628630549309916,65,12568,0.002746807359837776,0.0027789187500242073
2021,East,No,0.17101117877825392,2326,12568,0.1708960094593907,0.17112634809711713
