,Unnamed: 0,year,rentown,pet_othrodent,proportion,n,N,proportion_lower_confidence,proportion_upper_confidence
0,0,2016,Owner,Yes,0.01621,168,14301,0.01377,0.01966
1,1,2016,Owner,No,0.98379,6134,14301,0.9542,1.00811
2,2,2016,Tenant,Yes,0.01687,223,14301,0.01435,0.0198
3,3,2016,Tenant,No,0.98313,7776,14301,0.95974,1.00592
4,4,2021,Owner,Yes,0.01145,115,11051,0.00877,0.01485
5,5,2021,Owner,No,0.98855,4965,11051,0.95754,1.02156
6,6,2021,Tenant,Yes,0.01767,128,11051,0.01305,0.02224
7,7,2021,Tenant,No,0.98233,5843,11051,0.95491,1.00982
