year,sampreg,pet_othrodent,proportion,n,N,proportion_lower_confidence,proportion_lower_confidence,proportion_upper_confidence,proportion_upper_confidence
2016,West,Yes,0.01446,282,14302,0,0.01237,0,0.01683
2016,West,No,0.98554,10946,14302,0,0.96942,0,1.00598
2016,East,Yes,0.02616,109,14302,0,0.02114,0,0.03155
2016,East,No,0.97384,2965,14302,0,0.93952,0,1.01086
2021,West,Yes,0.01441,178,11056,0,0.01151,0,0.01769
2021,West,No,0.98559,8487,11056,0,0.96178,0,1.01263
2021,East,Yes,0.01590,65,11056,0,0.01087,0,0.02257
2021,East,No,0.98410,2326,11056,0,0.92870,0,1.03688
