,Unnamed: 0,year,pet_othrodent,proportion,n,N,proportion_lower_confidence,proportion_upper_confidence
0,0,2016,Yes,0.01656,391,14302,0.01463,0.01835
1,1,2016,No,0.98344,13911,14302,0.96412,0.9982
2,2,2021,Yes,0.01467,243,11056,0.01172,0.01772
3,3,2021,No,0.98533,10813,11056,0.96226,1.00576
