year,regtyp,pet_othrodent,proportion,n,N,proportion_lower_confidence,proportion_lower_confidence,proportion_upper_confidence,proportion_upper_confidence
2016,Urban regions,Yes,0.01376,228,14302,0,0.01191,0,0.01633
2016,Urban regions,No,0.98624,9137,14302,0,0.96683,0,1.00861
2016,Rural regions,Yes,0.02261,163,14302,0,0.01836,0,0.02688
2016,Rural regions,No,0.97739,4774,14302,0,0.94358,0,1.00314
2021,Urban regions,Yes,0.01397,156,11055,0,0.01165,0,0.01648
2021,Urban regions,No,0.98603,7244,11055,0,0.95931,0,1.01070
2021,Rural regions,Yes,0.01620,87,11055,0,0.01100,0,0.02194
2021,Rural regions,No,0.98380,3568,11055,0,0.94449,0,1.02433
