year,pet_othrodent,proportion,n,N,proportion_lower_confidence,proportion_upper_confidence
2016,Yes,0.01656398563584373,391,16419,0.016524794698848853,0.01660317657283861
2016,No,0.9834360143641564,13911,16419,0.9833968234271615,0.9834752053011513
2021,Yes,0.014669728919260884,243,12568,0.01463295396274328,0.014706503875778489
2021,No,0.9853302710807392,10813,12568,0.9852934961242217,0.9853670460372568
